ID,Name,Office 365,Přístup na služby
21,Antonín Zoul,21 (Users%20and%20Passwords/Office%20365/21%206e3646a71e2d4faea891f7836a7bebf4.md),
01,Jan Kutílek,01 (Users%20and%20Passwords/Office%20365/01%20891b9d22adee43458c7b19c570d2555f.md),
02,Michal Kutílek,02 (Users%20and%20Passwords/Office%20365/02%203e3659fdef4b46eebc1886f024ea26ff.md),
22,Jan Vodička,22 (Users%20and%20Passwords/Office%20365/22%20122da09689f380f2a592f7792c743486.md),
23,Pavel Rybář,23 (Users%20and%20Passwords/Office%20365/23%20122da09689f380f3a749f04d0883b45b.md),
25,Radek Bárta,25 (Users%20and%20Passwords/Office%20365/25%20122da09689f380d59adfffcab7da4203.md),
31,David Muller,31 (Users%20and%20Passwords/Office%20365/31%20122da09689f380809812e9b990c06236.md),
32,Josef Foltýn,32 (Users%20and%20Passwords/Office%20365/32%20122da09689f380d1a17bd8397b6683ec.md),
34,Jaroslav Řízek,34 (Users%20and%20Passwords/Office%20365/34%20122da09689f380cb9a1dda7e65ac6b13.md),
35,Karel Sváček,35 (Users%20and%20Passwords/Office%20365/35%20122da09689f380c792bdc6a21f38ca5c.md),
36,Michal Leden,36 (Users%20and%20Passwords/Office%20365/36%20122da09689f380e8b7a2e2c71a3801d5.md),
95,Barbora Kutílková,95 (Users%20and%20Passwords/Office%20365/95%20122da09689f380d2bfb2c5335f598228.md),
91,Michal Pažický,91 (Users%20and%20Passwords/Office%20365/91%20122da09689f380a0a4e2d0b3ae51b9ac.md),
88,Jakub Novotný,88 (Users%20and%20Passwords/Office%20365/88%20122da09689f380ef9e9bc76f95cea8ae.md),
92,Veronika Chocenská,92 (Users%20and%20Passwords/Office%20365/92%20122da09689f380c5b2f4d1dd287812f8.md),
93,Klára Erbsová,93 (Users%20and%20Passwords/Office%20365/93%20122da09689f38013ac84d1859724a825.md),